"Sun, 22 Nov 2020 07:57:17 GMT",6615
"Sun, 22 Nov 2020 07:57:19 GMT",9838
"Sun, 22 Nov 2020 07:57:21 GMT",3319
"Sun, 22 Nov 2020 07:57:23 GMT",2733
"Sun, 22 Nov 2020 07:57:25 GMT",9559
"Sun, 22 Nov 2020 07:57:27 GMT",1445
"Sun, 22 Nov 2020 07:57:29 GMT",2212
"Sun, 22 Nov 2020 07:57:31 GMT",5614
"Sun, 22 Nov 2020 07:57:33 GMT",1934
"Sun, 22 Nov 2020 07:57:35 GMT",9116
"Sun, 22 Nov 2020 07:57:37 GMT",6850
"Sun, 22 Nov 2020 07:57:39 GMT",8921
"Sun, 22 Nov 2020 07:57:41 GMT",1672
"Sun, 22 Nov 2020 07:57:43 GMT",2392
"Sun, 22 Nov 2020 07:57:45 GMT",150
"Sun, 22 Nov 2020 07:57:47 GMT",5154
"Sun, 22 Nov 2020 07:57:49 GMT",2786
"Sun, 22 Nov 2020 07:57:51 GMT",5434
"Sun, 22 Nov 2020 07:57:53 GMT",1187
"Sun, 22 Nov 2020 07:57:55 GMT",815
"Sun, 22 Nov 2020 07:57:57 GMT",4696
"Sun, 22 Nov 2020 07:57:59 GMT",9953
"Sun, 22 Nov 2020 07:58:01 GMT",5785
"Sun, 22 Nov 2020 07:58:03 GMT",3611
"Sun, 22 Nov 2020 07:58:05 GMT",1782
"Sun, 22 Nov 2020 07:58:07 GMT",7279doori,"Sun, 22 Nov 2020 08:12:07 GMT",3262
doori,"Sun, 22 Nov 2020 08:12:09 GMT",3025
doori,"Sun, 22 Nov 2020 08:12:11 GMT",829
doori,"Sun, 22 Nov 2020 08:12:13 GMT",5088
doori,"Sun, 22 Nov 2020 08:12:15 GMT",5173
doori,"Sun, 22 Nov 2020 08:12:17 GMT",8729
doori,"Sun, 22 Nov 2020 08:12:19 GMT",2538
doori,"Sun, 22 Nov 2020 08:12:21 GMT",2711
doori,"Sun, 22 Nov 2020 08:12:23 GMT",6740
doori,"Sun, 22 Nov 2020 08:12:25 GMT",6699
doori,"Sun, 22 Nov 2020 08:12:27 GMT",9268
doori,"Sun, 22 Nov 2020 08:12:29 GMT",135
doori,"Sun, 22 Nov 2020 08:12:31 GMT",8696
doori,"Sun, 22 Nov 2020 08:12:33 GMT",2139
doori,"Sun, 22 Nov 2020 08:12:35 GMT",2843
doori,"Sun, 22 Nov 2020 08:12:37 GMT",3664
doori,"Sun, 22 Nov 2020 08:12:39 GMT",424
doori,"Sun, 22 Nov 2020 08:12:41 GMT",3526
doori,"Sun, 22 Nov 2020 08:12:43 GMT",7332
doori,"Sun, 22 Nov 2020 08:12:45 GMT",9180
doori,"Sun, 22 Nov 2020 08:12:47 GMT",2591
doori,"Sun, 22 Nov 2020 08:12:49 GMT",4658
doori,"Sun, 22 Nov 2020 08:12:51 GMT",4919
doori,"Sun, 22 Nov 2020 08:12:53 GMT",973
doori,"Sun, 22 Nov 2020 08:12:55 GMT",4651
doori,"Sun, 22 Nov 2020 08:12:57 GMT",3357
doori,"Sun, 22 Nov 2020 08:12:59 GMT",7517
doori,"Sun, 22 Nov 2020 08:13:01 GMT",8546
doori,"Sun, 22 Nov 2020 08:13:03 GMT",4235
doori,"Sun, 22 Nov 2020 08:13:05 GMT",316
doori,"Sun, 22 Nov 2020 08:13:07 GMT",502
doori,"Sun, 22 Nov 2020 08:13:09 GMT",1570